,path,label
0,pictures/train\Archery\005487c07757463faa16373adb90009a.jpg,0
1,pictures/train\Archery\0685d71f3c4c5d642f5d0e840b6d2d40.jpg,0
2,pictures/train\Archery\092.jpg,0
3,pictures/train\Archery\093.jpg,0
4,pictures/train\Archery\094.jpg,0
5,pictures/train\Archery\095.jpg,0
6,pictures/train\Archery\096.jpg,0
7,pictures/train\Archery\097.jpg,0
8,pictures/train\Archery\098.jpg,0
9,pictures/train\Archery\099.jpg,0
10,pictures/train\Archery\100.jpg,0
11,pictures/train\Archery\101.jpg,0
12,pictures/train\Archery\102.jpg,0
13,pictures/train\Archery\103.jpg,0
14,pictures/train\Archery\104.jpg,0
15,pictures/train\Archery\105.jpg,0
16,pictures/train\Archery\106.jpg,0
17,pictures/train\Archery\107.jpg,0
18,pictures/train\Archery\108.jpg,0
19,pictures/train\Archery\109.jpg,0
20,pictures/train\Archery\110.jpg,0
21,pictures/train\Archery\111.jpg,0
22,pictures/train\Archery\112.jpg,0
23,pictures/train\Archery\113.jpg,0
24,pictures/train\Archery\114.jpg,0
25,pictures/train\Archery\115.jpg,0
26,pictures/train\Archery\116.jpg,0
27,pictures/train\Archery\117.jpg,0
28,pictures/train\Archery\118.jpg,0
29,pictures/train\Archery\119.jpg,0
30,pictures/train\Archery\120.jpg,0
31,pictures/train\Archery\121.jpg,0
32,pictures/train\Archery\122.jpg,0
33,pictures/train\Archery\123.jpg,0
34,pictures/train\Archery\124.jpg,0
35,pictures/train\Archery\125.jpg,0
36,pictures/train\Archery\126.jpg,0
37,pictures/train\Archery\126f70d525f73f40b887c2c823c0da57.jpg,0
38,pictures/train\Archery\127.jpg,0
39,pictures/train\Archery\128.jpg,0
40,pictures/train\Archery\129.jpg,0
41,pictures/train\Archery\130.jpg,0
42,pictures/train\Archery\131.jpg,0
43,pictures/train\Archery\132.jpg,0
44,pictures/train\Archery\132f6531de030a8600f6837f22759426.jpg,0
45,pictures/train\Archery\133.jpg,0
46,pictures/train\Archery\133d46176983c81bb18b1ade190a8665.jpg,0
47,pictures/train\Archery\134.jpg,0
48,pictures/train\Archery\135.jpg,0
49,pictures/train\Archery\135740670fd0ac992280647e56b5a597.jpg,0
50,pictures/train\Archery\136.jpg,0
51,pictures/train\Archery\137.jpg,0
52,pictures/train\Archery\138.jpg,0
53,pictures/train\Archery\139.jpg,0
54,pictures/train\Archery\140.jpg,0
55,pictures/train\Archery\141.jpg,0
56,pictures/train\Archery\142.jpg,0
57,pictures/train\Archery\147ebe3a9935639c1455f5cb34aba066.jpg,0
58,pictures/train\Archery\178f011fc56385c5027f084f5580b7f9.jpg,0
59,pictures/train\Archery\188ca5c401280d9eca1ede84ada99ced.jpg,0
60,pictures/train\Archery\196da1c329bd3b9552a3f1f990403cee.jpg,0
61,pictures/train\Archery\1973c2145f4b7f027c6dda1135448d8e.jpg,0
62,pictures/train\Archery\2166ab1ed3e6279e5067ad19994c06fd.jpg,0
63,pictures/train\Archery\2752c8a664087cf8363c665c0fe7ddb2.jpg,0
64,pictures/train\Archery\27574dd6c60e51d1e66d407df9ebd9d0.jpg,0
65,pictures/train\Archery\2807b1f03018b1b9941f22cc624668e3.jpg,0
66,pictures/train\Archery\280b31cd55a0019710eb9e4aa273d723.jpg,0
67,pictures/train\Archery\3352e2935ceb0a901bbc343fdcfb0b27.jpg,0
68,pictures/train\Archery\336d116203c56f74365664e34317269b.jpg,0
69,pictures/train\Archery\3800c1873ee4d473a895299ccefcc9c5.jpg,0
70,pictures/train\Archery\3903a5ea4c551c4c0fd4c686d4c2b506.jpg,0
71,pictures/train\Archery\41602c2fc3456c57be13632129f95cdc.jpg,0
72,pictures/train\Archery\427b0c36aae3da29bd7d6308d8f2836f.jpg,0
73,pictures/train\Archery\49989cfe75b17c47d63b602324ff2d94.jpg,0
74,pictures/train\Archery\50176a97445be30a4383a05d121e4230.jpg,0
75,pictures/train\Archery\524624aeb6ea997cb73d37ab37359765.jpg,0
76,pictures/train\Archery\53351a2c84379b605b24ddad121042a0.jpg,0
77,pictures/train\Archery\534cf74a103b5248e8ce9e6dabeb7c1c.jpg,0
78,pictures/train\Archery\595770f5b21d943915fbe14884294c9d.jpg,0
79,pictures/train\Archery\595e422b37e1539390f5f534857c1f55.jpg,0
80,pictures/train\Archery\63958856f2e7949712c326301a3693aa.jpg,0
81,pictures/train\Archery\705fbbecd7cef412ebb2c6e925575293.jpg,0
82,pictures/train\Archery\7343298780371ff884cfb8a398eaf80f.jpg,0
83,pictures/train\Archery\7435b93f849d50b152929e027102e9bf.jpg,0
84,pictures/train\Archery\751171adc414d2c8de67a19efb7ba448.jpg,0
85,pictures/train\Archery\775bd55aad39f5efa485f8a6b6dc26f3.jpg,0
86,pictures/train\Archery\783938bc9d5095cb0368d81c65add60c.jpg,0
87,pictures/train\Archery\79434cff3f14c0f677c8f0ef8cccc4c0.jpg,0
88,pictures/train\Archery\8043906899ab2687fa80b2f7557f9f4e.jpg,0
89,pictures/train\Archery\814fc127cb2826948a2a9228288b977a.jpg,0
90,pictures/train\Archery\8257174147d3aef4e260b829be150f71.jpg,0
91,pictures/train\Archery\8282e4b3b3d19045caba373e285577a3.jpg,0
92,pictures/train\Archery\8464e25d4089e1bebaeab3aba32b06ee.jpg,0
93,pictures/train\Archery\8776659be842ec4cbaab6da350da7543.jpg,0
94,pictures/train\Archery\884aa5fdad3a7b88e618ad53efcd6014.jpg,0
95,pictures/train\Archery\8964ef470a6bf60da9c775609b8bcd9f (1).jpg,0
96,pictures/train\Archery\8964ef470a6bf60da9c775609b8bcd9f.jpg,0
97,pictures/train\Archery\9043248bed3292f5c664bf8d3f060e3a.jpg,0
98,pictures/train\Archery\9068875695cd6e8c04a4800ef022404f.jpg,0
99,pictures/train\Archery\915c180f4a6a5d796727cd80291022c9.jpg,0
100,pictures/train\Archery\91dc442175079c8f35a2a8f06f8c9ca2.jpg,0
101,pictures/train\Archery\92d468010614c12d7d97b2cc869d10e6.jpg,0
102,pictures/train\Archery\938d22cfbbebdb2ebebdff9bbeeb1689.jpg,0
103,pictures/train\Archery\93d73979593f7febd9edfc6c29132c80.jpg,0
104,pictures/train\Archery\940A447KRMLO.jpg,0
105,pictures/train\Archery\94792440a28d4b298607f76f59911ce5.jpg,0
106,pictures/train\Archery\9560f00aeb28a18b6efb1b342c2c0745.jpg,0
107,pictures/train\Archery\956d52f72b5e1807b9a5ad6a00a0d503.jpg,0
108,pictures/train\Archery\966db8a18daea6acfcb64f4c91699031.jpg,0
109,pictures/train\Archery\968679de861b9ccc6a0c98f9c0e378e7.jpg,0
110,pictures/train\Archery\97ca0a6c7fadb3608a400e2376e2703f.jpg,0
111,pictures/train\Archery\97f521667b1faed4243a1f509ddd8406.jpg,0
112,pictures/train\Archery\98bef8cc7ef0b9ae04e2745455fab3a6.jpg,0
113,pictures/train\Archery\998f19dd06423f8732c122286eb09dca.jpg,0
114,pictures/train\Archery\a01237a53fbf65db53368a6d416e37d3.jpg,0
115,pictures/train\Archery\a12bdc4f22d37fbf20b70b745398b6fa.jpg,0
116,pictures/train\Archery\a1557d1d5ef6e8240c60b61a9a31a056.jpg,0
117,pictures/train\Archery\a37d67b41b9ef5aba22e030bf1346ac5.jpg,0
118,pictures/train\Archery\A3BWQLHOAT0D.jpg,0
119,pictures/train\Archery\a57617dd48f578b92656c33b8481f447.jpg,0
120,pictures/train\Archery\A57HIIY0N3WN.jpg,0
121,pictures/train\Archery\a58817ad4016aebfb17deebfb06d5e9e.jpg,0
122,pictures/train\Archery\a62e53c83c5c346d5bf9b9f2b8285902.jpg,0
123,pictures/train\Archery\A79EZSWFTO0G.jpg,0
124,pictures/train\Archery\a7af32f8f9143d8116e95ddb7901e165.jpg,0
125,pictures/train\Archery\a7f2f74be8f3d7514a94f94fe12cc498.jpg,0
126,pictures/train\Archery\a81807bcf53435821ffc98b4469ef64b.jpg,0
127,pictures/train\Archery\ac014c7b4ba60ec84aa40f8e4b04c97e.jpg,0
128,pictures/train\Archery\ac75a59bbcb84c7fada6214ebd004388.jpg,0
129,pictures/train\Archery\accc50b4038074bd9be21ed5fecda519.jpg,0
130,pictures/train\Archery\acd8ca3c4a03fb17ccc8dbcb46fd328a.jpg,0
131,pictures/train\Archery\aced35f8ad15bd7df1a9aabff3114391.jpg,0
132,pictures/train\Archery\ad64924d5a3e3a2247852ac010a059b9.jpg,0
133,pictures/train\Archery\ae1762ec98e75134c65e9ea8e2f10b0f.jpg,0
134,pictures/train\Archery\ae33fb29fb2e853cbd7e434d04f24391.jpg,0
135,pictures/train\Archery\af4c762cb70de7b83b127bf60f7d46de.jpg,0
136,pictures/train\Archery\AVBXI0TX57RL.jpg,0
137,pictures/train\Archery\b0514c33c2db10458f19c8cffb31ad98.jpg,0
138,pictures/train\Archery\B1W84P2U58UD.jpg,0
139,pictures/train\Archery\b4b65ab98a59fc5662b25c64fa78cddb.jpg,0
140,pictures/train\Archery\b5ac991d064b495ae15d1424ee15084d.jpg,0
141,pictures/train\Archery\b5f3c1fb66f7fe7931b46ac9159be249.jpg,0
142,pictures/train\Archery\b76db876eb28a9be888a97ca09ed17d2.jpg,0
143,pictures/train\Archery\b850602a1fed82b53cfe407c53725181.jpg,0
144,pictures/train\Archery\b8c8a1748f91e44127ee139c8518c19d.jpg,0
145,pictures/train\Archery\bc41b8ba3ee19f1eb81a6f425f8d0d42.jpg,0
146,pictures/train\Archery\BTU8EQLJU7IY.jpg,0
147,pictures/train\Archery\BZACF99WIPAZ.jpg,0
148,pictures/train\Archery\c1ecfd5a79b72dfe0e27883ab2aa9f8c.jpg,0
149,pictures/train\Archery\c416eb324ee5be716e942d0a1c2d4ed1.jpg,0
150,pictures/train\Archery\C4WKELIO7RAA.jpg,0
151,pictures/train\Archery\c7dddd8eed12c65ef237327bcd25653b.jpg,0
152,pictures/train\Archery\c94b062aba6c952ba26ccc9d0568d95e.jpg,0
153,pictures/train\Archery\ca40ed7e71b48102c5537787bee861c2.jpg,0
154,pictures/train\Archery\ccd6832c03e678b71f1f73f5dcc53bb6.jpg,0
155,pictures/train\Archery\cd056d35b4376863304aeb293d2cfe12.jpg,0
156,pictures/train\Archery\cd8111f4aa28e8ef0f768752668eb23b.jpg,0
157,pictures/train\Archery\cd905f24cf4b0470346ab429e02c6ee6.jpg,0
158,pictures/train\Archery\CDXLBV8UVKP3.jpg,0
159,pictures/train\Archery\CFBWNGOMO64R.jpg,0
160,pictures/train\Archery\CQQ6LNSMIY4S.jpg,0
161,pictures/train\Archery\CWUAMDSIY5ZT.jpg,0
162,pictures/train\Archery\CY3KAHT409U9.jpg,0
163,pictures/train\Archery\D1V0VBQASWDF.jpg,0
164,pictures/train\Archery\d30af0d6f90ff405fc22983a97db50fc.jpg,0
165,pictures/train\Archery\d39f81ab55bc794178ab932c7acecda6.jpg,0
166,pictures/train\Archery\D4QHDF5AHF9D.jpg,0
167,pictures/train\Archery\d80ac81c485be7f35866d9c20d803091.jpg,0
168,pictures/train\Archery\d8dbc8f76b6a62486c3a66c511767c19.jpg,0
169,pictures/train\Archery\da365706270686ddd2ae620fe55e9a3f.jpg,0
170,pictures/train\Archery\da689f64cac6f77a048545f20599b1c7.jpg,0
171,pictures/train\Archery\da6b6a8979d98fb8f97bb16e420002f4.jpg,0
172,pictures/train\Archery\DA84BHJ0B4Q5.jpg,0
173,pictures/train\Archery\dbd676422164eadb5f86e039b0d489ee.jpg,0
174,pictures/train\Archery\dbf22b6bbb77fd20e0f46ad5b6159738.jpg,0
175,pictures/train\Archery\dcd09da034da50a024680713e524e03e.jpg,0
176,pictures/train\Archery\dcdacc2080c5c5b9f4f68ee407807fda.jpg,0
177,pictures/train\Archery\dd0d625e96d6b93f814b8b4ab47b3abf.jpg,0
178,pictures/train\Archery\de0932685f4172d18321fc32f25b54b5.jpg,0
179,pictures/train\Archery\depositphotos_172875536-stock-photo-confident-woman-aiming-with-bow.jpg,0
180,pictures/train\Archery\DIX4UMB9ORXN.jpg,0
181,pictures/train\Archery\E0TBQU35BS0O.jpg,0
182,pictures/train\Archery\e1697cd4256f35adc6eca88969b66286.jpg,0
183,pictures/train\Archery\e390a275a776a159e48cdc364684d459.jpg,0
184,pictures/train\Archery\e43390d7041779f619cfa784738d91b9.jpg,0
185,pictures/train\Archery\E6GC63F5SONK.jpg,0
186,pictures/train\Archery\e73bc899f10dc5b6a380fb19d168e061.jpg,0
187,pictures/train\Archery\e7fc20bc184b98a19a442d97d62e2a61.jpg,0
188,pictures/train\Archery\e90d634a48d3ec2ac38ab70fe30841f3.jpg,0
189,pictures/train\Archery\ebc2a1c342b10cf65f94fbd49459dd3c.jpg,0
190,pictures/train\Archery\eef5b987ce0e0178ec028808e1ea4e9f.jpg,0
191,pictures/train\Archery\EP7OGBPNYLC2.jpg,0
192,pictures/train\Archery\EPAJS8ULI8GH.jpg,0
193,pictures/train\Archery\f0037590ac9c7743c3fb4b9cf3048fb5.jpg,0
194,pictures/train\Archery\f08e7750c95efbcf512750886277a290.jpg,0
195,pictures/train\Archery\f09037e3689c300e53366507856900c8.jpg,0
196,pictures/train\Archery\f0f1cfece3825d6b413b2ba16eae0f7f.jpg,0
197,pictures/train\Archery\f16e6b6a30d5a2cd03fba71dfe52ca4d.jpg,0
198,pictures/train\Archery\f261c567f028f5357389b97c78113ad5.jpg,0
199,pictures/train\Archery\f307338e90823d6bdb912c600f1cdf34.jpg,0
200,pictures/train\Archery\f441d22b6dfed315405bd209d8ac0e81.jpg,0
201,pictures/train\Archery\f584fe460b722327df67b1d5b5d890bd.jpg,0
202,pictures/train\Archery\f6a8279a961550240c33c90859ab04c9.jpg,0
203,pictures/train\Archery\F6LPL519PCIF.jpg,0
204,pictures/train\Archery\f702d6e36cecca2d969911827b7323a9.jpg,0
205,pictures/train\Archery\F73NTUUKCBX1.jpg,0
206,pictures/train\Archery\fb1a55c2ab1d0531bdba75b3b71dfc08.jpg,0
207,pictures/train\Archery\fc1f4a8e629bb51a262612a6a041a767.jpg,0
208,pictures/train\Archery\fd0a059735e3372e76c4ba153757f203.jpg,0
209,pictures/train\Archery\fe39b0a03a0224a04d6ea0659edb88ed.jpg,0
210,pictures/train\Archery\febdde4b3ae0bfe1c0a7d526a9354721.jpg,0
211,pictures/train\Archery\fec60ceac6cf831f0a1c7877d5f6389e.jpg,0
212,pictures/train\Archery\FI68L396TJHI.jpg,0
213,pictures/train\Archery\FSP57Y7Z203I.jpg,0
214,pictures/train\Archery\FTBS0WTHEC09.jpg,0
215,pictures/train\Archery\FTLH5SR1S7VX.jpg,0
216,pictures/train\Archery\FZ6S0T1IWQ1H.jpg,0
217,pictures/train\Archery\G1BHFITKRS17.jpg,0
218,pictures/train\Archery\G9XN5MO98UTE.jpg,0
219,pictures/train\Archery\GBOF77LK8OXV.jpg,0
220,pictures/train\Archery\GLHODDYJJTWZ.jpg,0
221,pictures/train\Archery\HDCYJWAH9VC8.jpg,0
222,pictures/train\Archery\HEIE0VXG365W.jpg,0
223,pictures/train\Archery\HG086CWQOEX9.jpg,0
224,pictures/train\Archery\HJZOEZ7Z6LQG.jpg,0
225,pictures/train\Archery\HO6UWRCHJ035.jpg,0
226,pictures/train\Archery\HQRN7AER52XZ.jpg,0
227,pictures/train\Archery\HY0V2ME05IVX.jpg,0
228,pictures/train\Archery\I6GEP2M0YVTH.jpg,0
229,pictures/train\Archery\I94CETDP03UY.jpg,0
230,pictures/train\Archery\ISI8XFTXN5SK.jpg,0
231,pictures/train\Archery\J8ZC85UDCNAO.jpg,0
232,pictures/train\Archery\J9KVA5L5JUU4.jpg,0
233,pictures/train\Archery\JDPSBUH6E742.jpg,0
234,pictures/train\Archery\JJ2770PBQC4V.jpg,0
235,pictures/train\Archery\JNY0U0BV260K.jpg,0
236,pictures/train\Archery\JXZXJ8GSTHB7.jpg,0
237,pictures/train\Archery\K6393UI1MVUS.jpg,0
238,pictures/train\Archery\KIO8YTTIK8W6.jpg,0
239,pictures/train\Archery\KLW2YWEC57OS.jpg,0
240,pictures/train\Archery\KMEXDCGYWGXZ.jpg,0
241,pictures/train\Archery\KQMA02U2X2FS.jpg,0
242,pictures/train\Archery\LH0OS9UOJ3F3.jpg,0
243,pictures/train\Archery\LIKD066XEKB1.jpg,0
244,pictures/train\Archery\LMP7DNRZOE9J.jpg,0
245,pictures/train\Archery\LOGRESUEZ2FX.jpg,0
246,pictures/train\Archery\LUTYCEBMNSUJ.jpg,0
247,pictures/train\Archery\M3V7CYGNHZZV.jpg,0
248,pictures/train\Archery\MADD47ZV118S.jpg,0
249,pictures/train\Archery\MXMEHFSSWP10.jpg,0
250,pictures/train\Archery\NBH38OYU0CIL.jpg,0
251,pictures/train\Archery\NUMKTQ12LQSY.jpg,0
252,pictures/train\Archery\NUW50YRRMH7W.jpg,0
253,pictures/train\Archery\NZO4EKVSOXFQ.jpg,0
254,pictures/train\Archery\O14MZ522J7CX.jpg,0
255,pictures/train\Archery\OKJ9Z41LVOZ1.jpg,0
256,pictures/train\Archery\OLVG925386LH.jpg,0
257,pictures/train\Archery\OSXA88LADX7A.jpg,0
258,pictures/train\Archery\OUYH7MSSICTC.jpg,0
259,pictures/train\Archery\PACJ4P0FK7VP.jpg,0
260,pictures/train\Archery\PFH014X1T3TF.jpg,0
261,pictures/train\Archery\PPSTIRBWQ0R0.jpg,0
262,pictures/train\Archery\Q81S9MI3RSLD.jpg,0
263,pictures/train\Archery\QQ8X5KO9W1XW.jpg,0
264,pictures/train\Archery\R4TG0K27S64Y.jpg,0
265,pictures/train\Archery\RN28U62RAJ48.jpg,0
266,pictures/train\Archery\RZNYE5WXAM0L.jpg,0
267,pictures/train\Archery\S77WXYZRW6YX.jpg,0
268,pictures/train\Archery\SFKN6X5TK6O7.jpg,0
269,pictures/train\Archery\SGT7M0CSGBIE.jpg,0
270,pictures/train\Archery\SLRVZMMRWB0I.jpg,0
271,pictures/train\Archery\SRW2BFWJM2B8.jpg,0
272,pictures/train\Archery\TR93DCRE2K14.jpg,0
273,pictures/train\Archery\U0LVWRH8QLJF.jpg,0
274,pictures/train\Archery\U1JFS7PNFKUJ.jpg,0
275,pictures/train\Archery\UXF7L3X60ADI.jpg,0
276,pictures/train\Archery\V29C4P48LS4U.jpg,0
277,pictures/train\Archery\V2CNT3BULQ05.jpg,0
278,pictures/train\Archery\VA91TSY5LQFS.jpg,0
279,pictures/train\Archery\VCYYSY1FW1BV.jpg,0
280,pictures/train\Archery\W0WVMN4X0BHX.jpg,0
281,pictures/train\Archery\W33XH1RSZVBL.jpg,0
282,pictures/train\Archery\W4GTUVD4DVJD.jpg,0
283,pictures/train\Archery\W8A64RPYIFA1.jpg,0
284,pictures/train\Archery\WJML1JAHE4XE.jpg,0
285,pictures/train\Archery\WLAMFQYLMCNA.jpg,0
286,pictures/train\Archery\WSR7SAQ0HYG2.jpg,0
287,pictures/train\Archery\WV2ZJ9B60229.jpg,0
288,pictures/train\Archery\X6TU9KZ9LTOS.jpg,0
289,pictures/train\Archery\X75XCTGYGCL5.jpg,0
290,pictures/train\Archery\XC8IZ4NW9YMD.jpg,0
291,pictures/train\Archery\XRYPY6MYXYLQ.jpg,0
292,pictures/train\Archery\XS8W41X8PLRX.jpg,0
293,pictures/train\Archery\XYHCNGQ2BV9N.jpg,0
294,pictures/train\Archery\YRUT4ORJMX52.jpg,0
295,pictures/train\Archery\YXUUJ43YR2SM.jpg,0
296,pictures/train\Archery\Z9ODVHHM4GIZ.jpg,0
297,pictures/train\Archery\ZBHMROOM0E1G.jpg,0
298,pictures/train\Archery\ZNB9WCS7QKVN.jpg,0
299,pictures/train\Archery\ZYZSY3I95PFV.jpg,0
300,pictures/train\Baseball\OOXBSZFV3OR3.jpg,1
301,pictures/train\Baseball\OP3B5XMWQY1A.jpg,1
302,pictures/train\Baseball\OPK4JO72EFQA.jpg,1
303,pictures/train\Baseball\OPSL2FSM6BAT.jpg,1
304,pictures/train\Baseball\OPUJ2S690LXY.jpg,1
305,pictures/train\Baseball\OSO8AGNE7SZP.jpg,1
306,pictures/train\Baseball\OURRSCYMQP2Z.jpg,1
307,pictures/train\Baseball\OUSI5GE1JJ3A.jpg,1
308,pictures/train\Baseball\OVDI7YL2J5FS.jpg,1
309,pictures/train\Baseball\OWJ4QG777NOX.jpg,1
310,pictures/train\Baseball\OWZC9ZQQOBPO.jpg,1
311,pictures/train\Baseball\OX0YA4CUEJA2.jpg,1
312,pictures/train\Baseball\OZ6Z2F61O2VY.jpg,1
313,pictures/train\Baseball\OZGOQD2JL3HL.jpg,1
314,pictures/train\Baseball\P1B5USTI5BMV.jpg,1
315,pictures/train\Baseball\P3A2NV5Q4U3Z.jpg,1
316,pictures/train\Baseball\P554ET047CHQ.jpg,1
317,pictures/train\Baseball\P7CWLDL0P0OQ.jpg,1
318,pictures/train\Baseball\P8ILFN6KNOAC.jpg,1
319,pictures/train\Baseball\P8THHX6MYXZ1.jpg,1
320,pictures/train\Baseball\P9SH79U90ZDR.jpg,1
321,pictures/train\Baseball\PA15QSOZ2NSD.jpg,1
322,pictures/train\Baseball\PABU22424VOE.jpg,1
323,pictures/train\Baseball\PAOPYLSMXCZL.jpg,1
324,pictures/train\Baseball\PAX2B3YN14BT.jpg,1
325,pictures/train\Baseball\PAZJ9MAGVSS9.jpg,1
326,pictures/train\Baseball\PB9W29ORLT9L.jpg,1
327,pictures/train\Baseball\PCDAJP2ZMOFX.jpg,1
328,pictures/train\Baseball\PE6P4YZX3XDX.jpg,1
329,pictures/train\Baseball\PHWLY3NSFG05.jpg,1
330,pictures/train\Baseball\PIAA3LOKN60S.jpg,1
331,pictures/train\Baseball\PMC0EAGTBDXF.jpg,1
332,pictures/train\Baseball\PPW2SWKWW9Y5.jpg,1
333,pictures/train\Baseball\PQAV2S4FAI1N.jpg,1
334,pictures/train\Baseball\PTAU4OVY0WYH.jpg,1
335,pictures/train\Baseball\PU9QUSKY7HCM.jpg,1
336,pictures/train\Baseball\PYGNIT92OEBW.jpg,1
337,pictures/train\Baseball\PYPRU2DOXU2V.jpg,1
338,pictures/train\Baseball\Q00NOIPUQ86Q.jpg,1
339,pictures/train\Baseball\Q0A7CCM5QOKK.jpg,1
340,pictures/train\Baseball\Q381PA4QA4RC.jpg,1
341,pictures/train\Baseball\Q4D5I2QE4SXP.jpg,1
342,pictures/train\Baseball\Q4VCGNJHC2GN.jpg,1
343,pictures/train\Baseball\Q53H1HHFNEOR.jpg,1
344,pictures/train\Baseball\Q5E994A95SWE.jpg,1
345,pictures/train\Baseball\Q5MCE64A72QM.jpg,1
346,pictures/train\Baseball\Q7JWF3K2SQPK.jpg,1
347,pictures/train\Baseball\Q7LFNTD9SCWV.jpg,1
348,pictures/train\Baseball\QBFEQ53QWWH0.jpg,1
349,pictures/train\Baseball\QBH7KTB5US4X.jpg,1
350,pictures/train\Baseball\QC7BX9JIEXI3.jpg,1
351,pictures/train\Baseball\QDIOUZSVDSYN.jpg,1
352,pictures/train\Baseball\QFDWQ3IERIQM.jpg,1
353,pictures/train\Baseball\QG2T4Y151UZQ.jpg,1
354,pictures/train\Baseball\QLPKKMD0LE54.jpg,1
355,pictures/train\Baseball\QOIQY1JGFH3Q.jpg,1
356,pictures/train\Baseball\QOUA9U4BG26Y.jpg,1
357,pictures/train\Baseball\QSYGAV16KBFE.jpg,1
358,pictures/train\Baseball\QSZ4LWRXTHQP.jpg,1
359,pictures/train\Baseball\QTAKZF712RVP.jpg,1
360,pictures/train\Baseball\QV1UGTS3VU28.jpg,1
361,pictures/train\Baseball\QVIYTHA0VTUK.jpg,1
362,pictures/train\Baseball\QXFLIU2WOF1K.jpg,1
363,pictures/train\Baseball\QXQIB5TZ7KZX.jpg,1
364,pictures/train\Baseball\QY5XZPME17FZ.jpg,1
365,pictures/train\Baseball\R0R9XYH90V3M.jpg,1
366,pictures/train\Baseball\R1JG6CFMF985.jpg,1
367,pictures/train\Baseball\R1Y3IGLW6JQR.jpg,1
368,pictures/train\Baseball\R5CE8YBFC6D3.jpg,1
369,pictures/train\Baseball\R6VBCTILVEMQ.jpg,1
370,pictures/train\Baseball\R769K8F7R4F4.jpg,1
371,pictures/train\Baseball\R7G84L6CKP8C.jpg,1
372,pictures/train\Baseball\RBRYG6K7GOJF.jpg,1
373,pictures/train\Baseball\RGWUAQEHGMFN.jpg,1
374,pictures/train\Baseball\RIKVPKI2JDYE.jpg,1
375,pictures/train\Baseball\RLW7CQL691V7.jpg,1
376,pictures/train\Baseball\RN3K0RCAGBOK.jpg,1
377,pictures/train\Baseball\RNMSBTSVOU0B.jpg,1
378,pictures/train\Baseball\RP7LLUD7KHFF.jpg,1
379,pictures/train\Baseball\RP9YMD3ZHE1X.jpg,1
380,pictures/train\Baseball\RPC42H0ZZCGI.jpg,1
381,pictures/train\Baseball\RPRAIZRYHU2Q.jpg,1
382,pictures/train\Baseball\RR885D8ADHTH.jpg,1
383,pictures/train\Baseball\RRS9QG4GAUZM.jpg,1
384,pictures/train\Baseball\RTE41LQJQQ62.jpg,1
385,pictures/train\Baseball\RXWYTZUIGFRT.jpg,1
386,pictures/train\Baseball\RYC5KDFLOV9H.jpg,1
387,pictures/train\Baseball\RYKV7C930YPJ.jpg,1
388,pictures/train\Baseball\S05W8V6MAOGY.jpg,1
389,pictures/train\Baseball\S0GQP229AHL6.jpg,1
390,pictures/train\Baseball\S12HIP96B88A.jpg,1
391,pictures/train\Baseball\S17ELAVEJBE6.jpg,1
392,pictures/train\Baseball\S1SLFU4G1U52.jpg,1
393,pictures/train\Baseball\S3KYOG76C8NB.jpg,1
394,pictures/train\Baseball\S59W81TF3LXM.jpg,1
395,pictures/train\Baseball\S7LSGZ72GTYS.jpg,1
396,pictures/train\Baseball\SDWWVYQSMZ8F.jpg,1
397,pictures/train\Baseball\SF5OTYC5GPUF.jpg,1
398,pictures/train\Baseball\SG4NLI1KALS8.jpg,1
399,pictures/train\Baseball\SGXULFVLZ9SS.jpg,1
400,pictures/train\Baseball\SHEYAP06PI4H.jpg,1
401,pictures/train\Baseball\SIBIFILE76PO.jpg,1
402,pictures/train\Baseball\SM6BENQH5VU2.jpg,1
403,pictures/train\Baseball\SQ56L9F3WVH9.jpg,1
404,pictures/train\Baseball\SQ5TKF3BDFUI.jpg,1
405,pictures/train\Baseball\SS4RGYJZTEPF.jpg,1
406,pictures/train\Baseball\SS7O9N719X3F.jpg,1
407,pictures/train\Baseball\ST1ALDRPXQTU.jpg,1
408,pictures/train\Baseball\SWRJWAUX1EII.jpg,1
409,pictures/train\Baseball\SWXCVZOGI1W3.jpg,1
410,pictures/train\Baseball\T0Z0Q1AMMWVD.jpg,1
411,pictures/train\Baseball\T1LMFEZ1X3I8.jpg,1
412,pictures/train\Baseball\T2TW0M5YCGA0.jpg,1
413,pictures/train\Baseball\T3X1WMFTAHMJ.jpg,1
414,pictures/train\Baseball\T45EWS09UNCR.jpg,1
415,pictures/train\Baseball\T4SJTSJI3L0Y.jpg,1
416,pictures/train\Baseball\T5LVCTQGS2WK.jpg,1
417,pictures/train\Baseball\T5YOFSIRM952.jpg,1
418,pictures/train\Baseball\T827SDFKNAWV.jpg,1
419,pictures/train\Baseball\T8DEHQVG5917.jpg,1
420,pictures/train\Baseball\TBXRC7UP1YEY.jpg,1
421,pictures/train\Baseball\TCGWLYY77AL0.jpg,1
422,pictures/train\Baseball\TCP7VSLJKKPN.jpg,1
423,pictures/train\Baseball\TFNWBX1ZIW70.jpg,1
424,pictures/train\Baseball\TGNX6X5D6S88.jpg,1
425,pictures/train\Baseball\TIM5XQHB5YUX.jpg,1
426,pictures/train\Baseball\TIWZJ0HCEV93.jpg,1
427,pictures/train\Baseball\TJLH3RK10223.jpg,1
428,pictures/train\Baseball\TL2IBSK0L5DH.jpg,1
429,pictures/train\Baseball\TLC4LMQ0S235.jpg,1
430,pictures/train\Baseball\TMV5OFAXI5QT.jpg,1
431,pictures/train\Baseball\TN26BSIODKO6.jpg,1
432,pictures/train\Baseball\TNOX8D5AG6NS.jpg,1
433,pictures/train\Baseball\TO9DWEFVCN04.jpg,1
434,pictures/train\Baseball\TOACVQ1EGFAD.jpg,1
435,pictures/train\Baseball\TPKL22RHRVR3.jpg,1
436,pictures/train\Baseball\TRIXXAUARDEK.jpg,1
437,pictures/train\Baseball\TSIDP1V7D59O.jpg,1
438,pictures/train\Baseball\TTXRS3Y9R8C2.jpg,1
439,pictures/train\Baseball\TTYLU8Z69E5D.jpg,1
440,pictures/train\Baseball\TU1CMKR6UP51.jpg,1
441,pictures/train\Baseball\TU7BSWHV316X.jpg,1
442,pictures/train\Baseball\TW87W7SNKJ0F.jpg,1
443,pictures/train\Baseball\U0DSU5ZIK9L2.jpg,1
444,pictures/train\Baseball\U8D2F1IL6BZG.jpg,1
445,pictures/train\Baseball\U8NQD4NDZ99C.jpg,1
446,pictures/train\Baseball\U98L3J34MQX3.jpg,1
447,pictures/train\Baseball\UAPQO5OXX0C1.jpg,1
448,pictures/train\Baseball\UAYVYBG1T5RT.jpg,1
449,pictures/train\Baseball\UBO1TOCKJ29H.jpg,1
450,pictures/train\Baseball\UF9UZF49K6CR.jpg,1
451,pictures/train\Baseball\UFZAHJYLWWW7.jpg,1
452,pictures/train\Baseball\UIHV3VQL3X1M.jpg,1
453,pictures/train\Baseball\UJ00RR7EAAYA.jpg,1
454,pictures/train\Baseball\UKBRN798Q6BW.jpg,1
455,pictures/train\Baseball\UKD365H20H3T.jpg,1
456,pictures/train\Baseball\UKZCEI0RUS51.jpg,1
457,pictures/train\Baseball\UL9N8DTL5GK2.jpg,1
458,pictures/train\Baseball\UMLKXF8XVX5O.jpg,1
459,pictures/train\Baseball\UMWNEIM9VXIG.jpg,1
460,pictures/train\Baseball\UQYH7U01MTNO.jpg,1
461,pictures/train\Baseball\UVPIK6GKBLWA.jpg,1
462,pictures/train\Baseball\UVXUHAS7MRZK.jpg,1
463,pictures/train\Baseball\UW8REKHRMNEI.jpg,1
464,pictures/train\Baseball\UWEUOGO87Y1Q.jpg,1
465,pictures/train\Baseball\UWLKNUWN7RZF.jpg,1
466,pictures/train\Baseball\UWT2765FFX77.jpg,1
467,pictures/train\Baseball\V0ZMRUMH2SEU.jpg,1
468,pictures/train\Baseball\V1NT300RMXIE.jpg,1
469,pictures/train\Baseball\V27U8IN9U3BZ.jpg,1
470,pictures/train\Baseball\V3CXV1I6QISX.jpg,1
471,pictures/train\Baseball\V4MWGYL4UJL2.jpg,1
472,pictures/train\Baseball\VAT1V0GEXLV1.jpg,1
473,pictures/train\Baseball\VCBCJYGC69MC.jpg,1
474,pictures/train\Baseball\VD67IR4JPOLN.jpg,1
475,pictures/train\Baseball\VDDQ8LGTJ50D.jpg,1
476,pictures/train\Baseball\VDHFPYKPCKMQ.jpg,1
477,pictures/train\Baseball\VE9EPAN55IMR.jpg,1
478,pictures/train\Baseball\VFEHTK5ZV6DK.jpg,1
479,pictures/train\Baseball\VFGQSCQKR1OK.jpg,1
480,pictures/train\Baseball\VFOM4G0S89A1.jpg,1
481,pictures/train\Baseball\VGPPCFEZ1R34.jpg,1
482,pictures/train\Baseball\VJ6XHAMM6D13.jpg,1
483,pictures/train\Baseball\VN3UJMEMFQU3.jpg,1
484,pictures/train\Baseball\VN5UOOHT995Y.jpg,1
485,pictures/train\Baseball\VOKZCZDGVMR3.jpg,1
486,pictures/train\Baseball\VQ4NS1EVZ6EZ.jpg,1
487,pictures/train\Baseball\VQQXVM0OY0CP.jpg,1
488,pictures/train\Baseball\VRHLNJ6892AQ.jpg,1
489,pictures/train\Baseball\VT9AJMDDUACD.jpg,1
490,pictures/train\Baseball\VVWNMS2I9TQA.jpg,1
491,pictures/train\Baseball\VXIJ8AMO0B27.jpg,1
492,pictures/train\Baseball\VZQ52A5A9183.jpg,1
493,pictures/train\Baseball\W09E45NP2XUO.jpg,1
494,pictures/train\Baseball\W14P2UE5P9GV.jpg,1
495,pictures/train\Baseball\W20SS8AIC5WY.jpg,1
496,pictures/train\Baseball\W2BIT2N6LRO2.jpg,1
497,pictures/train\Baseball\W2GPB9VXVNMG.jpg,1
498,pictures/train\Baseball\W5E1R1AR6KHU.jpg,1
499,pictures/train\Baseball\W7QNDHNF60UL.jpg,1
500,pictures/train\Baseball\W7RFXYMC2OTM.jpg,1
501,pictures/train\Baseball\W9MFQTP32ZCX.jpg,1
502,pictures/train\Baseball\WBKPETQS5NW1.jpg,1
503,pictures/train\Baseball\WDGE0W780TQF.jpg,1
504,pictures/train\Baseball\WETNUA51P2PI.jpg,1
505,pictures/train\Baseball\WFME8WOIYAG8.jpg,1
506,pictures/train\Baseball\WM10183HSSNR.jpg,1
507,pictures/train\Baseball\WMY5974LG8LV.jpg,1
508,pictures/train\Baseball\WPNNDTKG6431.jpg,1
509,pictures/train\Baseball\WQC8X5O1PB6U.jpg,1
510,pictures/train\Baseball\WRGHJP4CYS5N.jpg,1
511,pictures/train\Baseball\WSAT8OI2G8TB.jpg,1
512,pictures/train\Baseball\WSH7O0BKBOY3.jpg,1
513,pictures/train\Baseball\WT8BWT2GXTT5.jpg,1
514,pictures/train\Baseball\WUYKIEJYQM4V.jpg,1
515,pictures/train\Baseball\WVLIU6SBP023.jpg,1
516,pictures/train\Baseball\WXV05ID1EGWC.jpg,1
517,pictures/train\Baseball\X0AOSLU8JKUB.jpg,1
518,pictures/train\Baseball\X0RRELB2WFM9.jpg,1
519,pictures/train\Baseball\X17S3EPIY96S.jpg,1
520,pictures/train\Baseball\X1UVXZ8WCIXQ.jpg,1
521,pictures/train\Baseball\X29EIUCJ92XI.jpg,1
522,pictures/train\Baseball\X2AVGOG86YNB.jpg,1
523,pictures/train\Baseball\X58ICESNE5TO.jpg,1
524,pictures/train\Baseball\X6XW2SSQFPC7.jpg,1
525,pictures/train\Baseball\X7836Q2R67WL.jpg,1
526,pictures/train\Baseball\XD6LMQP20ZRK.jpg,1
527,pictures/train\Baseball\XDX176DOP7O6.jpg,1
528,pictures/train\Baseball\XEBFOD2DX4WP.jpg,1
529,pictures/train\Baseball\XHZ3U582TV25.jpg,1
530,pictures/train\Baseball\XIEFM041YC67.jpg,1
531,pictures/train\Baseball\XLDQCT7K111H.jpg,1
532,pictures/train\Baseball\XOLWLVTGQMG9.jpg,1
533,pictures/train\Baseball\XPJQQ15UO8D1.jpg,1
534,pictures/train\Baseball\XSLBKWRROA09.jpg,1
535,pictures/train\Baseball\XT4LKV7B54AO.jpg,1
536,pictures/train\Baseball\XU1S1DGDOR1B.jpg,1
537,pictures/train\Baseball\XU565O1EDY65.jpg,1
538,pictures/train\Baseball\XUPNJNXCUOZP.jpg,1
539,pictures/train\Baseball\XX838T4W7L8J.jpg,1
540,pictures/train\Baseball\XYAPYLQAL2T3.jpg,1
541,pictures/train\Baseball\XZ6JNPQ7NCBP.jpg,1
542,pictures/train\Baseball\Y055A49HS6TI.jpg,1
543,pictures/train\Baseball\Y0VDC5OUP6QX.jpg,1
544,pictures/train\Baseball\Y1I02FAJ1MBM.jpg,1
545,pictures/train\Baseball\Y3AT1LTMJ8I7.jpg,1
546,pictures/train\Baseball\Y8VO98U99D1L.jpg,1
547,pictures/train\Baseball\Y9O2YMVO8UUS.jpg,1
548,pictures/train\Baseball\YAVXYHW15MK1.jpg,1
549,pictures/train\Baseball\YAZISV1ZQUQI.jpg,1
550,pictures/train\Baseball\YB3NJUALC41A.jpg,1
551,pictures/train\Baseball\YBB5SAYE9CYY.jpg,1
552,pictures/train\Baseball\YBN1AY12VGUN.jpg,1
553,pictures/train\Baseball\YCF8W3M3GF9W.jpg,1
554,pictures/train\Baseball\YCJCZ6GTD7VB.jpg,1
555,pictures/train\Baseball\YFODOHX1GRQA.jpg,1
556,pictures/train\Baseball\YHQGN7Q4P42U.jpg,1
557,pictures/train\Baseball\YIWATHXQQWTX.jpg,1
558,pictures/train\Baseball\YJOPMAE2W58F.jpg,1
559,pictures/train\Baseball\YJX9M9HAWRZ4.jpg,1
560,pictures/train\Baseball\YL228IXYWJ9T.jpg,1
561,pictures/train\Baseball\YNIQPVPS03L1.jpg,1
562,pictures/train\Baseball\YNRZU1XF9N2M.jpg,1
563,pictures/train\Baseball\YNS2A395ABUJ.jpg,1
564,pictures/train\Baseball\YO0WWLG6435B.jpg,1
565,pictures/train\Baseball\YP7MWA14S4KS.jpg,1
566,pictures/train\Baseball\YQ14KP7E23KP.jpg,1
567,pictures/train\Baseball\YR3YQ6Q5S965.jpg,1
568,pictures/train\Baseball\YXQPTTRMELS5.jpg,1
569,pictures/train\Baseball\YZQ4WCDAY8QI.jpg,1
570,pictures/train\Baseball\Z0XSKRVU2TNI.jpg,1
571,pictures/train\Baseball\Z5JCSH4690BJ.jpg,1
572,pictures/train\Baseball\ZB5N8TJF7D3M.jpg,1
573,pictures/train\Baseball\ZBAMR1CXEP2P.jpg,1
574,pictures/train\Baseball\ZBCWSU8CARBP.jpg,1
575,pictures/train\Baseball\ZDPQ52L6N4N7.jpg,1
576,pictures/train\Baseball\ZH2RR7E5F7WH.jpg,1
577,pictures/train\Baseball\ZHZ87WK5EI7K.jpg,1
578,pictures/train\Baseball\ZIBYA66IK9CY.jpg,1
579,pictures/train\Baseball\ZJ4TDDE4Z5IE.jpg,1
580,pictures/train\Baseball\ZK3BQ5UKVE2A.jpg,1
581,pictures/train\Baseball\ZKI0R1B7US3U.jpg,1
582,pictures/train\Baseball\ZLKJPUX21YD6.jpg,1
583,pictures/train\Baseball\ZM811VEW9J4B.jpg,1
584,pictures/train\Baseball\ZMFN8AL7NZGU.jpg,1
585,pictures/train\Baseball\ZMK3P0BBCH2Q.jpg,1
586,pictures/train\Baseball\ZN5D9TO4ZZZ1.jpg,1
587,pictures/train\Baseball\ZNIUDHT157LG.jpg,1
588,pictures/train\Baseball\ZP02P2BWKRW1.jpg,1
589,pictures/train\Baseball\ZPUWJGCB5BID.jpg,1
590,pictures/train\Baseball\ZT893RUM503K.jpg,1
591,pictures/train\Baseball\ZTGSK5I3DEQF.jpg,1
592,pictures/train\Baseball\ZUDXK8SPMQMR.jpg,1
593,pictures/train\Baseball\ZVEFO4WOAVN3.jpg,1
594,pictures/train\Baseball\ZVLTPHXY3LP7.jpg,1
595,pictures/train\Baseball\ZW190X0Z6E7N.jpg,1
596,pictures/train\Baseball\ZWMYTZ156GWW.jpg,1
597,pictures/train\Baseball\ZWX55Z9RBR4F.jpg,1
598,pictures/train\Baseball\ZZ3B27WL9EZQ.jpg,1
599,pictures/train\Baseball\ZZE5NHN1FZ39.jpg,1
600,pictures/train\Football\O4M6WIQLR0Z7.jpg,2
601,pictures/train\Football\O6YQJTQ6KERR.jpg,2
602,pictures/train\Football\O7XD1BGA84SV.jpg,2
603,pictures/train\Football\O91ISI7P2WQT.jpg,2
604,pictures/train\Football\OBDVWVIIK78C.jpg,2
605,pictures/train\Football\OC1CDEUPQOPF.jpg,2
606,pictures/train\Football\OCKRYQAPLSO1.jpg,2
607,pictures/train\Football\OCNZP9SHZNLT.jpg,2
608,pictures/train\Football\OD37VDPE6OPE.jpg,2
609,pictures/train\Football\OH7NARSUIQ26.jpg,2
610,pictures/train\Football\OJB3YVII94EX.jpg,2
611,pictures/train\Football\OJQ3CFTMMY3G.jpg,2
612,pictures/train\Football\OK89PH76Z94Z.jpg,2
613,pictures/train\Football\OKSIH6TOA7VQ.jpg,2
614,pictures/train\Football\OO41LTCP5WSJ.jpg,2
615,pictures/train\Football\OQ6HO3OPJ5N0.jpg,2
616,pictures/train\Football\OQ837O775VM2.jpg,2
617,pictures/train\Football\OSIG6NP9IPUA.jpg,2
618,pictures/train\Football\OSZ2KUH8OOSM.jpg,2
619,pictures/train\Football\OTBPKBVTPLPP.jpg,2
620,pictures/train\Football\OTPZN39TN5OP.jpg,2
621,pictures/train\Football\OTUNC5N2J91N.jpg,2
622,pictures/train\Football\OVE93U6DY34R.jpg,2
623,pictures/train\Football\OVF37AGRGUSE.jpg,2
624,pictures/train\Football\OX7JKNEEOYUS.jpg,2
625,pictures/train\Football\P05KI391EP4U.jpg,2
626,pictures/train\Football\P0KO2J3N3O0U.jpg,2
627,pictures/train\Football\P1M6LCS0W3SW.jpg,2
628,pictures/train\Football\P2K345IIFAC8.jpg,2
629,pictures/train\Football\P48R5XI7NY4G.jpg,2
630,pictures/train\Football\P4LZRHZMAIXS.jpg,2
631,pictures/train\Football\P5TVPU6T5B93.jpg,2
632,pictures/train\Football\P5VPZFTX65QB.jpg,2
633,pictures/train\Football\PB20IGTOH90Q.jpg,2
634,pictures/train\Football\PBNQJA8N0ORA.jpg,2
635,pictures/train\Football\PD9ETT34Q8NY.jpg,2
636,pictures/train\Football\PDWEUJ6WCPBR.jpg,2
637,pictures/train\Football\PG562C69DBIB.jpg,2
638,pictures/train\Football\PGLP3VTBCZJP.jpg,2
639,pictures/train\Football\PH3T0OWK4M3J.jpg,2
640,pictures/train\Football\PJRT40RUJ1XQ.jpg,2
641,pictures/train\Football\PKI0L52T0ZFA.jpg,2
642,pictures/train\Football\PMORXCLN2DJZ.jpg,2
643,pictures/train\Football\PN98YXIG95ED.jpg,2
644,pictures/train\Football\POQT5497PQRH.jpg,2
645,pictures/train\Football\PQC7NVG3EQGZ.jpg,2
646,pictures/train\Football\PS626MDOZ0GE.jpg,2
647,pictures/train\Football\PWBXTXRWXFR9.jpg,2
648,pictures/train\Football\PWU4P78ZAP1A.jpg,2
649,pictures/train\Football\PXDE91HTIRIF.jpg,2
650,pictures/train\Football\PYUN5HXPG6P1.jpg,2
651,pictures/train\Football\PZDG1MDJ1J6R.jpg,2
652,pictures/train\Football\Q04AUOEDCWI6.jpg,2
653,pictures/train\Football\Q2PT295ZL8WO.jpg,2
654,pictures/train\Football\Q3X2L9ZC4YJ7.jpg,2
655,pictures/train\Football\Q4RW72UE3ZML.jpg,2
656,pictures/train\Football\Q8W19B8V54SH.jpg,2
657,pictures/train\Football\QBEWU0QX46V1.jpg,2
658,pictures/train\Football\QBUBBR39HG0H.jpg,2
659,pictures/train\Football\QC28HDVV5H1P.jpg,2
660,pictures/train\Football\QDBPF40B73NW.jpg,2
661,pictures/train\Football\QGXO8I0RL493.jpg,2
662,pictures/train\Football\QIJ7AU9AD4L0.jpg,2
663,pictures/train\Football\QIWVO00MKA92.jpg,2
664,pictures/train\Football\QJ42AHNBQ771.jpg,2
665,pictures/train\Football\QLS2R8LFTBCV.jpg,2
666,pictures/train\Football\QMOHTZQ7MHDX.jpg,2
667,pictures/train\Football\QPI7DWWQGSM4.jpg,2
668,pictures/train\Football\QQQ35IWCH048.jpg,2
669,pictures/train\Football\QQTE350L7D3J.jpg,2
670,pictures/train\Football\QRU1MUDV25U8.jpg,2
671,pictures/train\Football\QS7MVM5L7D2X.jpg,2
672,pictures/train\Football\QS9699FJMHSU.jpg,2
673,pictures/train\Football\QSC5WAFKHCR6.jpg,2
674,pictures/train\Football\QU5UKKWQ8KK9.jpg,2
675,pictures/train\Football\QX754EBZ1XT5.jpg,2
676,pictures/train\Football\QYU0HOVSTNQ0.jpg,2
677,pictures/train\Football\QZ9CWHR20GT8.jpg,2
678,pictures/train\Football\R0Y41SK9ZRJ1.jpg,2
679,pictures/train\Football\R89EW21XVX38.jpg,2
680,pictures/train\Football\RA0VT4V582B3.jpg,2
681,pictures/train\Football\RCZQQG6BFT23.jpg,2
682,pictures/train\Football\RFPX3G2EA39S.jpg,2
683,pictures/train\Football\RGIY26R7AQEM.jpg,2
684,pictures/train\Football\RI12UHWJUWLF.jpg,2
685,pictures/train\Football\RK23P8ZV2QJZ.jpg,2
686,pictures/train\Football\RN5CK93TUOBR.jpg,2
687,pictures/train\Football\ROQVXTXG9DBJ.jpg,2
688,pictures/train\Football\RPJ1L9Z96S1M.jpg,2
689,pictures/train\Football\RRFDMI8DCUIC.jpg,2
690,pictures/train\Football\RT1VH6V179TI.jpg,2
691,pictures/train\Football\RULJJPQJE2BR.jpg,2
692,pictures/train\Football\RUN6719P1PJM.jpg,2
693,pictures/train\Football\RWTKHBKA7QE5.jpg,2
694,pictures/train\Football\RYJZQH0GX4GY.jpg,2
695,pictures/train\Football\RZA3T93H7U1Q.jpg,2
696,pictures/train\Football\S00W1VXXAAJ4.jpg,2
697,pictures/train\Football\S2DU87WR73QH.jpg,2
698,pictures/train\Football\S3LHP08EWNG1.jpg,2
699,pictures/train\Football\S5EACSLLOZHV.jpg,2
700,pictures/train\Football\S60ZU5LW3DI0.jpg,2
701,pictures/train\Football\S7Z73ZY0Q3DM.jpg,2
702,pictures/train\Football\S9TAVE9D2FNY.jpg,2
703,pictures/train\Football\SBMHI0U48LD6.jpg,2
704,pictures/train\Football\SBVJ29T6PF6A.jpg,2
705,pictures/train\Football\SCPCU54V31IO.jpg,2
706,pictures/train\Football\SDQ4FJOBZCU8.jpg,2
707,pictures/train\Football\SDS9KHQS1F9C.jpg,2
708,pictures/train\Football\SJ145RT9GH8G.jpg,2
709,pictures/train\Football\SK5PKE4UEYX0.jpg,2
710,pictures/train\Football\SM98MON4QBQT.jpg,2
711,pictures/train\Football\SMTG6POESTGG.jpg,2
712,pictures/train\Football\SNUO6FHSKP6P.jpg,2
713,pictures/train\Football\SP87A820CWT9.jpg,2
714,pictures/train\Football\SQKUGBJ778EE.jpg,2
715,pictures/train\Football\SQQR7YE798A5.jpg,2
716,pictures/train\Football\SSCUSG7V68SM.jpg,2
717,pictures/train\Football\SW0DJ1OZCCZP.jpg,2
718,pictures/train\Football\SX838N4UXOYX.jpg,2
719,pictures/train\Football\SX9MHBJ31HUE.jpg,2
720,pictures/train\Football\T0NV6DVTIKCW.jpg,2
721,pictures/train\Football\T1XBJFJFS2WF.jpg,2
722,pictures/train\Football\T36AV83WCGYY.jpg,2
723,pictures/train\Football\T3X3NABEKVJJ.jpg,2
724,pictures/train\Football\T40QK5XP9CKJ.jpg,2
725,pictures/train\Football\T4HV1HUUIVAA.jpg,2
726,pictures/train\Football\T6VSBBOHC7NH.jpg,2
727,pictures/train\Football\T7N3QSE2OVI6.jpg,2
728,pictures/train\Football\T8811871VKMR.jpg,2
729,pictures/train\Football\TA1SOY4QEWKF.jpg,2
730,pictures/train\Football\TB7MZQB7UBGK.jpg,2
731,pictures/train\Football\TEJH0Z7BVA8T.jpg,2
732,pictures/train\Football\THA13OE1DV1Y.jpg,2
733,pictures/train\Football\TIE8UHLVILZR.jpg,2
734,pictures/train\Football\TIMAHK04P0G2.jpg,2
735,pictures/train\Football\TJ01A7RH5TJU.jpg,2
736,pictures/train\Football\TJJLC2RUKD5P.jpg,2
737,pictures/train\Football\TJMDS3TEZ2IJ.jpg,2
738,pictures/train\Football\TKO5RXMGK090.jpg,2
739,pictures/train\Football\TLS16E2TR57H.jpg,2
740,pictures/train\Football\TP73HPBHCQC6.jpg,2
741,pictures/train\Football\TPWAXJGJ7734.jpg,2
742,pictures/train\Football\TRFRJOI5NASJ.jpg,2
743,pictures/train\Football\TRKQX416IVJU.jpg,2
744,pictures/train\Football\TTH7Z0IYEPFS.jpg,2
745,pictures/train\Football\TXP369VE8X66.jpg,2
746,pictures/train\Football\U0WOINJRUHJ7.jpg,2
747,pictures/train\Football\U1GDJ92RL4OO.jpg,2
748,pictures/train\Football\U4YA35IJA2WX.jpg,2
749,pictures/train\Football\U5R1Y1I8PVH7.jpg,2
750,pictures/train\Football\U8LEH0JIDQXF.jpg,2
751,pictures/train\Football\UDCBB16ZNWIQ.jpg,2
752,pictures/train\Football\UFR4KKJJMRRZ.jpg,2
753,pictures/train\Football\UG9Z9B4UK7UG.jpg,2
754,pictures/train\Football\UI6OTTNWH3KH.jpg,2
755,pictures/train\Football\UILU77AT831C.jpg,2
756,pictures/train\Football\UJCHTY5NUNPH.jpg,2
757,pictures/train\Football\ULIVJBK12BJL.jpg,2
758,pictures/train\Football\UM51HZC9XESG.jpg,2
759,pictures/train\Football\UNG2R37TTUYB.jpg,2
760,pictures/train\Football\UNW1N5WFHXLK.jpg,2
761,pictures/train\Football\UOJ7723AQHMO.jpg,2
762,pictures/train\Football\UPU8NG95GQKY.jpg,2
763,pictures/train\Football\USRN5ISBMS6F.jpg,2
764,pictures/train\Football\UTZK65F4CE9T.jpg,2
765,pictures/train\Football\UU8M455XVPSL.jpg,2
766,pictures/train\Football\UYC9JR1ARS07.jpg,2
767,pictures/train\Football\UYL2JJO8A4DE.jpg,2
768,pictures/train\Football\UYRGUCUW4HYL.jpg,2
769,pictures/train\Football\UZHV5CCDH4A9.jpg,2
770,pictures/train\Football\V2CEF1XGWALM.jpg,2
771,pictures/train\Football\V38N6OJT6N62.jpg,2
772,pictures/train\Football\V5DRHYW99MB2.jpg,2
773,pictures/train\Football\VA6I90P04TVI.jpg,2
774,pictures/train\Football\VA6Y6184YXLK.jpg,2
775,pictures/train\Football\VBUXFW4YE9G2.jpg,2
776,pictures/train\Football\VEG0IPPPIBHB.jpg,2
777,pictures/train\Football\VEOK81GPNY9T.jpg,2
778,pictures/train\Football\VEZYTEFM8E9F.jpg,2
779,pictures/train\Football\VFX0NHWW35RH.jpg,2
780,pictures/train\Football\VGS5BJZMVTF0.jpg,2
781,pictures/train\Football\VIV9JLLLZHC2.jpg,2
782,pictures/train\Football\VK3NZNRO5YZK.jpg,2
783,pictures/train\Football\VKCGL68G6GPX.jpg,2
784,pictures/train\Football\VKJVLK8C3C2W.jpg,2
785,pictures/train\Football\VLHJAODLF5DV.jpg,2
786,pictures/train\Football\VOTJY5TUDUUZ.jpg,2
787,pictures/train\Football\VRA3NHZQS1RF.jpg,2
788,pictures/train\Football\VRHQE64BVFC0.jpg,2
789,pictures/train\Football\VRO5902286HK.jpg,2
790,pictures/train\Football\W2YJJ6A22BKC.jpg,2
791,pictures/train\Football\W4XD4K25N4XK.jpg,2
792,pictures/train\Football\W5EHVE1M9E9I.jpg,2
793,pictures/train\Football\W5F9108XE5NW.jpg,2
794,pictures/train\Football\W80V0IPW4Q0Z.jpg,2
795,pictures/train\Football\W8IMVTA29YGR.jpg,2
796,pictures/train\Football\W8YJNTWL47G5.jpg,2
797,pictures/train\Football\W90DO9L35ARA.jpg,2
798,pictures/train\Football\WAVQC93ZHGGT.jpg,2
799,pictures/train\Football\WBSA0OSWBCGZ.jpg,2
800,pictures/train\Football\WC01VSJXFPXH.jpg,2
801,pictures/train\Football\WIC2AAELKOE4.jpg,2
802,pictures/train\Football\WLA1B881LM7X.jpg,2
803,pictures/train\Football\WM2IVE5MFQR3.jpg,2
804,pictures/train\Football\WOVS5A6TGPBW.jpg,2
805,pictures/train\Football\WPG0V3M33IPD.jpg,2
806,pictures/train\Football\WVECNP56TY3U.jpg,2
807,pictures/train\Football\WXJRN3XAZG5Y.jpg,2
808,pictures/train\Football\WXV85SAJ0YVY.jpg,2
809,pictures/train\Football\WZHQ9M4VDPCO.jpg,2
810,pictures/train\Football\X0ANEY11D228.jpg,2
811,pictures/train\Football\X0J9UY0CIQFK.jpg,2
812,pictures/train\Football\X38EUAA5KA05.jpg,2
813,pictures/train\Football\X3RDQKTUIM0J.jpg,2
814,pictures/train\Football\X4YMGDCJXPA1.jpg,2
815,pictures/train\Football\X5C0MYOTMU52.jpg,2
816,pictures/train\Football\X6FKENXJI2XX.jpg,2
817,pictures/train\Football\X7ZGF1F2R8Z3.jpg,2
818,pictures/train\Football\X89J9Z8Z57A3.jpg,2
819,pictures/train\Football\XAP3XJ0XK3LL.jpg,2
820,pictures/train\Football\XBBWJY2S9NC5.jpg,2
821,pictures/train\Football\XBK7223RSCZN.jpg,2
822,pictures/train\Football\XBT4H2U3KUVD.jpg,2
823,pictures/train\Football\XBVSR81TNRQF.jpg,2
824,pictures/train\Football\XCAR0V2318UN.jpg,2
825,pictures/train\Football\XFLRHAWC7Z5O.jpg,2
826,pictures/train\Football\XGTOVZ5GPWBO.jpg,2
827,pictures/train\Football\XHE2IYJOSWXD.jpg,2
828,pictures/train\Football\XHF54ZM1ZKRI.jpg,2
829,pictures/train\Football\XJLXEYXFFKDI.jpg,2
830,pictures/train\Football\XKYLHX2CHESX.jpg,2
831,pictures/train\Football\XLCANLJI8HXP.jpg,2
832,pictures/train\Football\XM7Y2I5DGWGO.jpg,2
833,pictures/train\Football\XM9JTXEY3NOC.jpg,2
834,pictures/train\Football\XN5KO14OHCXI.jpg,2
835,pictures/train\Football\XO500UWHEXN6.jpg,2
836,pictures/train\Football\XO5RIA1KNGQH.jpg,2
837,pictures/train\Football\XPN9X23UTUUO.jpg,2
838,pictures/train\Football\XT2LKS8CNFEG.jpg,2
839,pictures/train\Football\XV8KDOOFYGE5.jpg,2
840,pictures/train\Football\XXPJNSN8VUJT.jpg,2
841,pictures/train\Football\XY1L6GM7GSOB.jpg,2
842,pictures/train\Football\XY5DF8K1YMEW.jpg,2
843,pictures/train\Football\XYBHUVRNMOCZ.jpg,2
844,pictures/train\Football\XZ2WU7ECPOJW.jpg,2
845,pictures/train\Football\XZ5FDCBWNW0A.jpg,2
846,pictures/train\Football\Y0N96U9N70LA.jpg,2
847,pictures/train\Football\Y0YBBHH5DB4R.jpg,2
848,pictures/train\Football\Y5SEEVELS32L.jpg,2
849,pictures/train\Football\Y6H5CCHTFRDX.jpg,2
850,pictures/train\Football\Y80KS0QM8MK1.jpg,2
851,pictures/train\Football\Y9O419OBHYLG.jpg,2
852,pictures/train\Football\YAXZSWPQABC5.jpg,2
853,pictures/train\Football\YDV9UCLTXK04.jpg,2
854,pictures/train\Football\YFR85F5MCXJ3.jpg,2
855,pictures/train\Football\YH54G544T1X4.jpg,2
856,pictures/train\Football\YHODFDEQGOE1.jpg,2
857,pictures/train\Football\YI4M330028H5.jpg,2
858,pictures/train\Football\YN8BP7PJVMZT.jpg,2
859,pictures/train\Football\YNAQV3L342I4.jpg,2
860,pictures/train\Football\YO6JBMSSH23X.jpg,2
861,pictures/train\Football\YOSEV6SRG8EL.jpg,2
862,pictures/train\Football\YPERRBMQA11T.jpg,2
863,pictures/train\Football\YQZXD6JPWO6T.jpg,2
864,pictures/train\Football\YURJN9AVTNPW.jpg,2
865,pictures/train\Football\YVYLXW8PPS8J.jpg,2
866,pictures/train\Football\YXM5AN5SB7RP.jpg,2
867,pictures/train\Football\Z07B1LXYLQQ7.jpg,2
868,pictures/train\Football\Z086Z12QPK4N.jpg,2
869,pictures/train\Football\Z0T5S8JEC61H.jpg,2
870,pictures/train\Football\Z0WIETJWS8D0.jpg,2
871,pictures/train\Football\Z1TNYFZI1M8M.jpg,2
872,pictures/train\Football\Z37DL2VPH711.jpg,2
873,pictures/train\Football\Z384TNMOX9TU.jpg,2
874,pictures/train\Football\Z5CWU9M13FEV.jpg,2
875,pictures/train\Football\Z5S0A3QUPHI7.jpg,2
876,pictures/train\Football\Z68B3GP4J9UJ.jpg,2
877,pictures/train\Football\Z7BRN5QHFRBH.jpg,2
878,pictures/train\Football\Z8QVY7AZ2UVR.jpg,2
879,pictures/train\Football\ZALXS2ORL4SA.jpg,2
880,pictures/train\Football\ZB2FRVPM7ZPJ.jpg,2
881,pictures/train\Football\ZDK1MM1CHUAE.jpg,2
882,pictures/train\Football\ZH6SCVSVZ96N.jpg,2
883,pictures/train\Football\ZIO3YKCOCQ38.jpg,2
884,pictures/train\Football\ZJ2ILGK1GK0U.jpg,2
885,pictures/train\Football\ZKBJ8STYSJOX.jpg,2
886,pictures/train\Football\ZMHXHIU7Y2U9.jpg,2
887,pictures/train\Football\ZMK5B5IZVUR1.jpg,2
888,pictures/train\Football\ZOSKHF8Q39BE.jpg,2
889,pictures/train\Football\ZP0AG28PJK0K.jpg,2
890,pictures/train\Football\ZPT6YQQQOZUC.jpg,2
891,pictures/train\Football\ZRC0ZOBH13VF.jpg,2
892,pictures/train\Football\ZSFKPEOG9SNY.jpg,2
893,pictures/train\Football\ZTFLU5U17LBB.jpg,2
894,pictures/train\Football\ZU2EC43SZVLG.jpg,2
895,pictures/train\Football\ZVS8XOU568UR.jpg,2
896,pictures/train\Football\ZWEN7H6C14P7.jpg,2
897,pictures/train\Football\ZYKMKVDTQZNN.jpg,2
898,pictures/train\Football\ZZ5V3QA2Z0NB.jpg,2
899,pictures/train\Football\ZZG0FRAVKKH0.jpg,2
900,pictures/train\Tennis\097DUEW7U6OW.jpg,3
901,pictures/train\Tennis\1338CO802OYT.jpg,3
902,pictures/train\Tennis\158TNV9QAYES.jpg,3
903,pictures/train\Tennis\269IMALVPM27.jpg,3
904,pictures/train\Tennis\3031POOSOYG9.jpg,3
905,pictures/train\Tennis\373G3AOWJXO2.jpg,3
906,pictures/train\Tennis\376NGAIBY7P7.jpg,3
907,pictures/train\Tennis\381UXTVC7C8J.jpg,3
908,pictures/train\Tennis\382JOM2RJ2JR.jpg,3
909,pictures/train\Tennis\413Q8LBNZZXR.jpg,3
910,pictures/train\Tennis\463SPMNVW52Z.jpg,3
911,pictures/train\Tennis\5476SNN91KC0.jpg,3
912,pictures/train\Tennis\5476SNN91KC0_aug.jpg,3
913,pictures/train\Tennis\654SMJJO41U4.jpg,3
914,pictures/train\Tennis\81V1S3C7586D.jpg,3
915,pictures/train\Tennis\82003SRPQ03B.jpg,3
916,pictures/train\Tennis\837FGOIM82XU.jpg,3
917,pictures/train\Tennis\83QP51M7GRHE.jpg,3
918,pictures/train\Tennis\88SZGZSSW5RG.jpg,3
919,pictures/train\Tennis\88SZGZSSW5RG_aug.jpg,3
920,pictures/train\Tennis\89ECVPZJF2MF.jpg,3
921,pictures/train\Tennis\90QKHGAJ02ZN.jpg,3
922,pictures/train\Tennis\91P0B5TEHWYF.jpg,3
923,pictures/train\Tennis\91VXFY01WY1T.jpg,3
924,pictures/train\Tennis\925X0XXJ66JT.jpg,3
925,pictures/train\Tennis\933VU8TQ6IT4.jpg,3
926,pictures/train\Tennis\933VU8TQ6IT4_aug.jpg,3
927,pictures/train\Tennis\93TODOJJZFDM.jpg,3
928,pictures/train\Tennis\96EJOULTU92L.jpg,3
929,pictures/train\Tennis\98MJRS4XIBPR.jpg,3
930,pictures/train\Tennis\A0DBGQ7BLU7F.jpg,3
931,pictures/train\Tennis\A0FT286T5C73.jpg,3
932,pictures/train\Tennis\A13SWIKBI9L6.jpg,3
933,pictures/train\Tennis\A1UQ88P63AB3.jpg,3
934,pictures/train\Tennis\A1W23OJETI8C.jpg,3
935,pictures/train\Tennis\A22DGE9COW6K.jpg,3
936,pictures/train\Tennis\A4LJN0D27CJQ.jpg,3
937,pictures/train\Tennis\A5EJEMI3LNIK.jpg,3
938,pictures/train\Tennis\A8KICA38CFFL.jpg,3
939,pictures/train\Tennis\A8Q8K4TWNSZE.jpg,3
940,pictures/train\Tennis\ACIAG5V8C4GR.jpg,3
941,pictures/train\Tennis\AHMG1LQNL8MU.jpg,3
942,pictures/train\Tennis\AHOPTZVVIGKO.jpg,3
943,pictures/train\Tennis\AJ26M6NYFC7X.jpg,3
944,pictures/train\Tennis\AK0V89M2FAPL.jpg,3
945,pictures/train\Tennis\AL2WOH15N0ZV.jpg,3
946,pictures/train\Tennis\ALFDITUIBWV4.jpg,3
947,pictures/train\Tennis\AMZS1KAIUL5M.jpg,3
948,pictures/train\Tennis\AUAR55EVWVID.jpg,3
949,pictures/train\Tennis\AVKOW2MVH7M3.jpg,3
950,pictures/train\Tennis\AX8MX0AIJL82.jpg,3
951,pictures/train\Tennis\AY1PJL7GGW2T.jpg,3
952,pictures/train\Tennis\AYERSW1OHVD0.jpg,3
953,pictures/train\Tennis\AYMMZMDRLP25.jpg,3
954,pictures/train\Tennis\AZYJEL4W9F7Z.jpg,3
955,pictures/train\Tennis\B0F99X8UCS1G.jpg,3
956,pictures/train\Tennis\B12C8MNX7MJB.jpg,3
957,pictures/train\Tennis\B3IY7NKS7CT0.jpg,3
958,pictures/train\Tennis\B3IY7NKS7CT0_aug.jpg,3
959,pictures/train\Tennis\B4OQ6T1GJBY8.jpg,3
960,pictures/train\Tennis\B70VRG1SKWNX.jpg,3
961,pictures/train\Tennis\B7H7CWERDHKD.jpg,3
962,pictures/train\Tennis\B8RGT8G86L9Q.jpg,3
963,pictures/train\Tennis\BA7P8K7JAPLA.jpg,3
964,pictures/train\Tennis\BABT3VR55L2S.jpg,3
965,pictures/train\Tennis\BDECZJZIGOMT.jpg,3
966,pictures/train\Tennis\BDOLHMV95MZ7.jpg,3
967,pictures/train\Tennis\BENBHJJKFJ66.jpg,3
968,pictures/train\Tennis\BGC4DYAH4LBC.jpg,3
969,pictures/train\Tennis\BGFENLIRDOMB.jpg,3
970,pictures/train\Tennis\BGFENLIRDOMB_aug.jpg,3
971,pictures/train\Tennis\BHAJ1C874KWM.jpg,3
972,pictures/train\Tennis\BI3LDHW6FQKR.jpg,3
973,pictures/train\Tennis\BI6J62BXT885.jpg,3
974,pictures/train\Tennis\BLPN9V0K2NUN.jpg,3
975,pictures/train\Tennis\BN3AU7Z0W1HD.jpg,3
976,pictures/train\Tennis\BNU1OSPLWC7Y.jpg,3
977,pictures/train\Tennis\BOW1PYZ45DHQ.jpg,3
978,pictures/train\Tennis\BPNJN2U0004B.jpg,3
979,pictures/train\Tennis\BQYHGYX69WJS.jpg,3
980,pictures/train\Tennis\BREMIXIACAM0.jpg,3
981,pictures/train\Tennis\BV46NI8ZBHPX.jpg,3
982,pictures/train\Tennis\BV46NI8ZBHPX_aug.jpg,3
983,pictures/train\Tennis\BWQLFPGQSREM.jpg,3
984,pictures/train\Tennis\BXB0DSEIOVTT.jpg,3
985,pictures/train\Tennis\BXRF97KD0GHI.jpg,3
986,pictures/train\Tennis\BXXOIYYACONS.jpg,3
987,pictures/train\Tennis\BZDEOJKL030I.jpg,3
988,pictures/train\Tennis\BZIUON1JYH6Y.jpg,3
989,pictures/train\Tennis\C35HPMW16RO7.jpg,3
990,pictures/train\Tennis\C4OFWPKPI681.jpg,3
991,pictures/train\Tennis\C701NAVH7WWI.jpg,3
992,pictures/train\Tennis\C8X56F7M4ZX9.jpg,3
993,pictures/train\Tennis\CELGGU78RIDR.jpg,3
994,pictures/train\Tennis\CGCF7JWUHBF6.jpg,3
995,pictures/train\Tennis\CGCF7JWUHBF6_aug.jpg,3
996,pictures/train\Tennis\CIWKI9ESK68H.jpg,3
997,pictures/train\Tennis\CJFWTW7R3OPE.jpg,3
998,pictures/train\Tennis\CKHMB5QK7LPJ.jpg,3
999,pictures/train\Tennis\CKWOPJ94K8ZW.jpg,3
1000,pictures/train\Tennis\CMF4DQYXYNZF.jpg,3
1001,pictures/train\Tennis\CMVQJNSJSI1F.jpg,3
1002,pictures/train\Tennis\CMVQJNSJSI1F_aug.jpg,3
1003,pictures/train\Tennis\CNK4I81ZTFNO.jpg,3
1004,pictures/train\Tennis\CQDNFRSNX5FJ.jpg,3
1005,pictures/train\Tennis\CT5J5BQJQ3T7.jpg,3
1006,pictures/train\Tennis\CU5DPY62RNT4.jpg,3
1007,pictures/train\Tennis\CX63MQ4ZJKRL.jpg,3
1008,pictures/train\Tennis\CZDKRJVWZ66F.jpg,3
1009,pictures/train\Tennis\D0WPKQ78V6QQ.jpg,3
1010,pictures/train\Tennis\D4XHKHXF0CJY.jpg,3
1011,pictures/train\Tennis\D586AS42BRO2.jpg,3
1012,pictures/train\Tennis\D6Q3AJH1M19M.jpg,3
1013,pictures/train\Tennis\D6ZCPXAYRDY1.jpg,3
1014,pictures/train\Tennis\DAT04BQLW5YB.jpg,3
1015,pictures/train\Tennis\DBKWH7KV6R9Z.jpg,3
1016,pictures/train\Tennis\DBU0Y3UOS0PG.jpg,3
1017,pictures/train\Tennis\DDGVMLMYQ0R7.jpg,3
1018,pictures/train\Tennis\DFWERKIWFVUG.jpg,3
1019,pictures/train\Tennis\DFWERKIWFVUG_aug.jpg,3
1020,pictures/train\Tennis\DHFQXL3297F0.jpg,3
1021,pictures/train\Tennis\DKVARYAVVW8J.jpg,3
1022,pictures/train\Tennis\DN1BSL1W5HZB.jpg,3
1023,pictures/train\Tennis\DN9WOYHK50OQ.jpg,3
1024,pictures/train\Tennis\DQ19TAAO20HZ.jpg,3
1025,pictures/train\Tennis\DSFEU8WO8T2Z.jpg,3
1026,pictures/train\Tennis\DUQHLNFK8V0C.jpg,3
1027,pictures/train\Tennis\DUYQFN05FBMG.jpg,3
1028,pictures/train\Tennis\DVRGCKY7LJYC.jpg,3
1029,pictures/train\Tennis\DYNT16OIFGVC.jpg,3
1030,pictures/train\Tennis\DZI94X6JRMWJ.jpg,3
1031,pictures/train\Tennis\E010J8NJXF8T.jpg,3
1032,pictures/train\Tennis\E16VHZ2X8U9Y.jpg,3
1033,pictures/train\Tennis\E16VHZ2X8U9Y_aug.jpg,3
1034,pictures/train\Tennis\E1UY1DW1UAUB.jpg,3
1035,pictures/train\Tennis\E28C86VVX0E2.jpg,3
1036,pictures/train\Tennis\E2P24IN7PPOA.jpg,3
1037,pictures/train\Tennis\E3G2KZ99IVGS.jpg,3
1038,pictures/train\Tennis\E7B4T9NRP7D1.jpg,3
1039,pictures/train\Tennis\E7XYV2NJ3KC3.jpg,3
1040,pictures/train\Tennis\E7XYV2NJ3KC3_aug.jpg,3
1041,pictures/train\Tennis\EAQTI815O8S4.jpg,3
1042,pictures/train\Tennis\EBHKEG03FNR0.jpg,3
1043,pictures/train\Tennis\EBIKE9Z1GEZD.jpg,3
1044,pictures/train\Tennis\EBPHBD7YW8T9.jpg,3
1045,pictures/train\Tennis\EF9V0IO1WI43.jpg,3
1046,pictures/train\Tennis\EFQFAKLKN8AA.jpg,3
1047,pictures/train\Tennis\EKMPMQWEMY4L.jpg,3
1048,pictures/train\Tennis\ELJVK2HAM6X3.jpg,3
1049,pictures/train\Tennis\EPUDYWVPAC2E.jpg,3
1050,pictures/train\Tennis\EQ6H3E29SCFL.jpg,3
1051,pictures/train\Tennis\EQJWO7A5PLQ8.jpg,3
1052,pictures/train\Tennis\EW0CNG4S9S88.jpg,3
1053,pictures/train\Tennis\EXZBA6BF3EEH.jpg,3
1054,pictures/train\Tennis\EZWKVNPHW1PZ.jpg,3
1055,pictures/train\Tennis\F2YR1PBNTZQE.jpg,3
1056,pictures/train\Tennis\F71HI72K3J9T.jpg,3
1057,pictures/train\Tennis\FANTPBTNQ0P5.jpg,3
1058,pictures/train\Tennis\FDMD5W5Y2E3N.jpg,3
1059,pictures/train\Tennis\FF26VIOUQDA4.jpg,3
1060,pictures/train\Tennis\FGHZXD64IS8J.jpg,3
1061,pictures/train\Tennis\FGHZXD64IS8J_aug.jpg,3
1062,pictures/train\Tennis\FIHL5QJE8LO9.jpg,3
1063,pictures/train\Tennis\FKSLEAA21K6M.jpg,3
1064,pictures/train\Tennis\FL2YALND3HLU.jpg,3
1065,pictures/train\Tennis\FLLVN3KN63W1.jpg,3
1066,pictures/train\Tennis\FQ95ALFVF8A1.jpg,3
1067,pictures/train\Tennis\FQETIAWKIVFF.jpg,3
1068,pictures/train\Tennis\FRNYRLEIH5G2.jpg,3
1069,pictures/train\Tennis\FRNYRLEIH5G2_aug.jpg,3
1070,pictures/train\Tennis\FSQV2AUJQT84.jpg,3
1071,pictures/train\Tennis\FSRVSQC2MYO9.jpg,3
1072,pictures/train\Tennis\FSXKPKXTPRX1.jpg,3
1073,pictures/train\Tennis\FTNHO1I0380W.jpg,3
1074,pictures/train\Tennis\FTNHO1I0380W_aug.jpg,3
1075,pictures/train\Tennis\FVOJBW2DOK21.jpg,3
1076,pictures/train\Tennis\FXR8AZMMLT65.jpg,3
1077,pictures/train\Tennis\G90BHHTU1259.jpg,3
1078,pictures/train\Tennis\GAIJHIK4DP4A.jpg,3
1079,pictures/train\Tennis\GB46QVFRDAYJ.jpg,3
1080,pictures/train\Tennis\GCXUCHGWJA0V.jpg,3
1081,pictures/train\Tennis\GE4J9MGLQ0HT.jpg,3
1082,pictures/train\Tennis\GFUCR6DJXQR8.jpg,3
1083,pictures/train\Tennis\GHO6MP3KSBIJ.jpg,3
1084,pictures/train\Tennis\GKPO1KP0XK9G.jpg,3
1085,pictures/train\Tennis\GL9TR13O90M7.jpg,3
1086,pictures/train\Tennis\GLLZAN90WPDH.jpg,3
1087,pictures/train\Tennis\GM4OA1LFQXJA.jpg,3
1088,pictures/train\Tennis\GMSQ4214QC8K.jpg,3
1089,pictures/train\Tennis\GNRSP90RSNK5.jpg,3
1090,pictures/train\Tennis\GQEYYN41N2JT.jpg,3
1091,pictures/train\Tennis\GUGD1D18JLIN.jpg,3
1092,pictures/train\Tennis\GX6426SJS4C5.jpg,3
1093,pictures/train\Tennis\GZKWB5BO4ISW.jpg,3
1094,pictures/train\Tennis\H01REI9MLBG8.jpg,3
1095,pictures/train\Tennis\H2QC9PWDQVJO.jpg,3
1096,pictures/train\Tennis\H3T2QYE19D2F.jpg,3
1097,pictures/train\Tennis\H7SJYWB12053.jpg,3
1098,pictures/train\Tennis\HB4X797EH99M.jpg,3
1099,pictures/train\Tennis\HB4X797EH99M_aug.jpg,3
1100,pictures/train\Tennis\HDZQDN128PTF.jpg,3
1101,pictures/train\Tennis\HE7M39TKD5DC.jpg,3
1102,pictures/train\Tennis\HEVDYE8UXU4O.jpg,3
1103,pictures/train\Tennis\HG0T8IKTJ18M.jpg,3
1104,pictures/train\Tennis\HICAVB99C8ZC.jpg,3
1105,pictures/train\Tennis\HIJR9P3G1ANW.jpg,3
1106,pictures/train\Tennis\HIJR9P3G1ANW_aug.jpg,3
1107,pictures/train\Tennis\HJIHCOGTUHB4.jpg,3
1108,pictures/train\Tennis\HKKS0SKYM6T7.jpg,3
1109,pictures/train\Tennis\HMCNF2Z8K81U.jpg,3
1110,pictures/train\Tennis\HNKC6HUXSSGO.jpg,3
1111,pictures/train\Tennis\HNKK0O15LFK4.jpg,3
1112,pictures/train\Tennis\HPCU1WD0YKYV.jpg,3
1113,pictures/train\Tennis\HTXXXH6QPMZG.jpg,3
1114,pictures/train\Tennis\HU12NBFRC129.jpg,3
1115,pictures/train\Tennis\HU12NBFRC129_aug.jpg,3
1116,pictures/train\Tennis\HUYOVLAP5UTU.jpg,3
1117,pictures/train\Tennis\HV22WQ9JJ7DV.jpg,3
1118,pictures/train\Tennis\HVNYNRM57L9T.jpg,3
1119,pictures/train\Tennis\HWLHF17IWVPW.jpg,3
1120,pictures/train\Tennis\HWVMSO6X3P9F.jpg,3
1121,pictures/train\Tennis\HWZ54N4XVUTL.jpg,3
1122,pictures/train\Tennis\HX0HS839ZJ1V.jpg,3
1123,pictures/train\Tennis\I1DRC5UROYZE.jpg,3
1124,pictures/train\Tennis\I1H80H6SIMTR.jpg,3
1125,pictures/train\Tennis\I1L2S2MML1DW.jpg,3
1126,pictures/train\Tennis\IFMBUAF8FSEB.jpg,3
1127,pictures/train\Tennis\IJ9RTWDATD51.jpg,3
1128,pictures/train\Tennis\IJFIG664NA72.jpg,3
1129,pictures/train\Tennis\IM3RTF33QU7Y.jpg,3
1130,pictures/train\Tennis\INJWCYYPRLM0.jpg,3
1131,pictures/train\Tennis\IPFSMHP61PVL.jpg,3
1132,pictures/train\Tennis\IPJBL8JCAR0Q.jpg,3
1133,pictures/train\Tennis\IQUOM0006Q1E.jpg,3
1134,pictures/train\Tennis\ISU6UC3NNJY7.jpg,3
1135,pictures/train\Tennis\IT2S34OYSI5E.jpg,3
1136,pictures/train\Tennis\IVG4UVB6HEO1.jpg,3
1137,pictures/train\Tennis\IWI5F43B3CMI.jpg,3
1138,pictures/train\Tennis\IXPCVKB8I3CJ.jpg,3
1139,pictures/train\Tennis\IXUBAQ3JG3K1.jpg,3
1140,pictures/train\Tennis\IZ43PCPBTMXM.jpg,3
1141,pictures/train\Tennis\J06O581K9ZE5.jpg,3
1142,pictures/train\Tennis\J1OVNFFG85MW.jpg,3
1143,pictures/train\Tennis\J2YQRSOS0M0W.jpg,3
1144,pictures/train\Tennis\J466Z2C0LJC2.jpg,3
1145,pictures/train\Tennis\J47V503NRYRJ.jpg,3
1146,pictures/train\Tennis\J62YDSRFIQGH.jpg,3
1147,pictures/train\Tennis\J9THY57LG3AS.jpg,3
1148,pictures/train\Tennis\J9VZUMQTJ500.jpg,3
1149,pictures/train\Tennis\JA885QA7QTOR.jpg,3
1150,pictures/train\Tennis\JA97X10TLSHA.jpg,3
1151,pictures/train\Tennis\JDFG8FE2PPXJ.jpg,3
1152,pictures/train\Tennis\JDFG8FE2PPXJ_aug.jpg,3
1153,pictures/train\Tennis\JEKH04NE05GM.jpg,3
1154,pictures/train\Tennis\JEY9UVCOOLPV.jpg,3
1155,pictures/train\Tennis\JG0OE92W10WL.jpg,3
1156,pictures/train\Tennis\JHYXT4EHDSZW.jpg,3
1157,pictures/train\Tennis\JHZYTQ8Y7JJK.jpg,3
1158,pictures/train\Tennis\JJD05I24MOOL.jpg,3
1159,pictures/train\Tennis\JL7OK8U1DDHA.jpg,3
1160,pictures/train\Tennis\JLKRXM87TCST.jpg,3
1161,pictures/train\Tennis\JLTAS6FX5Y5T.jpg,3
1162,pictures/train\Tennis\JQG6PKDYYEJK.jpg,3
1163,pictures/train\Tennis\JS4QFDZHAFTK.jpg,3
1164,pictures/train\Tennis\JS64BVIORGHP.jpg,3
1165,pictures/train\Tennis\JVCVZRCI7L6O.jpg,3
1166,pictures/train\Tennis\JVGE5FMBAVBA.jpg,3
1167,pictures/train\Tennis\JY1T7YWWTMCB.jpg,3
1168,pictures/train\Tennis\JYACPAT4FUWO.jpg,3
1169,pictures/train\Tennis\JZXW5UHNJH48.jpg,3
1170,pictures/train\Tennis\K1ZYD5XB5E6V.jpg,3
1171,pictures/train\Tennis\K2HJ4K1FV54G.jpg,3
1172,pictures/train\Tennis\K2T2SY2P0TKU.jpg,3
1173,pictures/train\Tennis\K3DGS5K0TZLH.jpg,3
1174,pictures/train\Tennis\K3QDRA7J0SS4.jpg,3
1175,pictures/train\Tennis\K58A749Z7DBE.jpg,3
1176,pictures/train\Tennis\K67EMMMRPPIC.jpg,3
1177,pictures/train\Tennis\K6KOUX0E2U8H.jpg,3
1178,pictures/train\Tennis\K74BCJJQRJ5D.jpg,3
1179,pictures/train\Tennis\K74BCJJQRJ5D_aug.jpg,3
1180,pictures/train\Tennis\K82QKX0IV3VA.jpg,3
1181,pictures/train\Tennis\K8QI5ORKNVAG.jpg,3
1182,pictures/train\Tennis\K9SWYHAUJAHG.jpg,3
1183,pictures/train\Tennis\KFW9E577BCCW.jpg,3
1184,pictures/train\Tennis\KFXJ1MGTLNLT.jpg,3
1185,pictures/train\Tennis\KG1ZT3FD2UGF.jpg,3
1186,pictures/train\Tennis\KH2ELSQNJ2A9.jpg,3
1187,pictures/train\Tennis\KH2ELSQNJ2A9_aug.jpg,3
1188,pictures/train\Tennis\KJ808KJGF58Y.jpg,3
1189,pictures/train\Tennis\KKQ39BQ5RP31.jpg,3
1190,pictures/train\Tennis\KKRO0UTS76FK.jpg,3
1191,pictures/train\Tennis\KLZC41CJECB4.jpg,3
1192,pictures/train\Tennis\KZSJ5EO1SVL7.jpg,3
1193,pictures/train\Tennis\L0DTNOOD129B.jpg,3
1194,pictures/train\Tennis\L1AUMCQAIMZB.jpg,3
1195,pictures/train\Tennis\L1AUMCQAIMZB_aug.jpg,3
1196,pictures/train\Tennis\M3IBC8FY9J31.jpg,3
1197,pictures/train\Tennis\M3IBC8FY9J31_aug.jpg,3
1198,pictures/train\Tennis\MBM92H3A9QV7.jpg,3
1199,pictures/train\Tennis\MBM92H3A9QV7_aug.jpg,3
